REGION,CODIGO DANE DEL DEPARTAMENTO,DEPARTAMENTO,CODIGO DANE DEL MUNICIPIO,MUNICIPIO
Region Eje Cafetero - Antioquia,5,Antioquia,5.001,Medellin
Region Eje Cafetero - Antioquia,5,Antioquia,5.002,Abejorral
Region Eje Cafetero - Antioquia,5,Antioquia,5.004,Abriaqui
Region Eje Cafetero - Antioquia,5,Antioquia,5.021,Alejandria
Region Eje Cafetero - Antioquia,5,Antioquia,5.03,Amaga
Region Eje Cafetero - Antioquia,5,Antioquia,5.031,Amalfi
Region Eje Cafetero - Antioquia,5,Antioquia,5.034,Andes
Region Eje Cafetero - Antioquia,5,Antioquia,5.036,Angelopolis
Region Eje Cafetero - Antioquia,5,Antioquia,5.038,Angostura
Region Eje Cafetero - Antioquia,5,Antioquia,5.04,Anori
Region Centro Oriente,15,Boyaca,15.832,Tunungua
Region Eje Cafetero - Antioquia,5,Antioquia,5.044,Anza
Region Eje Cafetero - Antioquia,5,Antioquia,5.045,Apartado
Region Eje Cafetero - Antioquia,5,Antioquia,5.051,Arboletes
Region Eje Cafetero - Antioquia,5,Antioquia,5.055,Argelia
Region Eje Cafetero - Antioquia,5,Antioquia,5.059,Armenia
Region Eje Cafetero - Antioquia,5,Antioquia,5.079,Barbosa
Region Eje Cafetero - Antioquia,5,Antioquia,5.088,Bello
Region Eje Cafetero - Antioquia,5,Antioquia,5.091,Betania
Region Eje Cafetero - Antioquia,5,Antioquia,5.093,Betulia
Region Eje Cafetero - Antioquia,5,Antioquia,5.101,Ciudad Bolivar
Region Eje Cafetero - Antioquia,5,Antioquia,5.107,Briceno
Region Eje Cafetero - Antioquia,5,Antioquia,5.113,Buritica
Region Eje Cafetero - Antioquia,5,Antioquia,5.12,Caceres
Region Eje Cafetero - Antioquia,5,Antioquia,5.125,Caicedo
Region Eje Cafetero - Antioquia,5,Antioquia,5.129,Caldas
Region Eje Cafetero - Antioquia,5,Antioquia,5.134,Campamento
Region Eje Cafetero - Antioquia,5,Antioquia,5.138,Canasgordas
Region Eje Cafetero - Antioquia,5,Antioquia,5.142,Caracoli
Region Eje Cafetero - Antioquia,5,Antioquia,5.145,Caramanta
Region Eje Cafetero - Antioquia,5,Antioquia,5.147,Carepa
Region Centro Oriente,15,Boyaca,15.476,Motavita
Region Eje Cafetero - Antioquia,5,Antioquia,5.15,Carolina
Region Eje Cafetero - Antioquia,5,Antioquia,5.154,Caucasia
Region Eje Cafetero - Antioquia,5,Antioquia,5.172,Chigorodo
Region Eje Cafetero - Antioquia,5,Antioquia,5.19,Cisneros
Region Eje Cafetero - Antioquia,5,Antioquia,5.197,Cocorna
Region Eje Cafetero - Antioquia,5,Antioquia,5.206,Concepcion
Region Eje Cafetero - Antioquia,5,Antioquia,5.209,Concordia
Region Eje Cafetero - Antioquia,5,Antioquia,5.212,Copacabana
Region Eje Cafetero - Antioquia,5,Antioquia,5.234,Dabeiba
Region Eje Cafetero - Antioquia,5,Antioquia,5.237,Don Matias
Region Eje Cafetero - Antioquia,5,Antioquia,5.24,Ebejico
Region Eje Cafetero - Antioquia,5,Antioquia,5.25,El Bagre
Region Eje Cafetero - Antioquia,5,Antioquia,5.264,Entrerrios
Region Eje Cafetero - Antioquia,5,Antioquia,5.266,Envigado
Region Eje Cafetero - Antioquia,5,Antioquia,5.282,Fredonia
Region Caribe,23,Cordoba,23.675,San Bernardo del Viento
Region Eje Cafetero - Antioquia,5,Antioquia,5.306,Giraldo
Region Eje Cafetero - Antioquia,5,Antioquia,5.308,Girardota
Region Eje Cafetero - Antioquia,5,Antioquia,5.31,Gomez Plata
Region Pacifico,27,Choco,27.361,Istmina
Region Eje Cafetero - Antioquia,5,Antioquia,5.315,Guadalupe
Region Eje Cafetero - Antioquia,5,Antioquia,5.318,Guarne
Region Eje Cafetero - Antioquia,5,Antioquia,5.321,Guatape
Region Eje Cafetero - Antioquia,5,Antioquia,5.347,Heliconia
Region Eje Cafetero - Antioquia,5,Antioquia,5.353,Hispania
Region Eje Cafetero - Antioquia,5,Antioquia,5.36,Itagui
Region Eje Cafetero - Antioquia,5,Antioquia,5.361,Ituango
Region Eje Cafetero - Antioquia,5,Antioquia,5.086,Belmira
Region Eje Cafetero - Antioquia,5,Antioquia,5.368,Jerico
Region Eje Cafetero - Antioquia,5,Antioquia,5.376,La Ceja
Region Eje Cafetero - Antioquia,5,Antioquia,5.38,La Estrella
Region Eje Cafetero - Antioquia,5,Antioquia,5.39,La Pintada
Region Eje Cafetero - Antioquia,5,Antioquia,5.4,La Union
Region Eje Cafetero - Antioquia,5,Antioquia,5.411,Liborina
Region Eje Cafetero - Antioquia,5,Antioquia,5.425,Maceo
Region Eje Cafetero - Antioquia,5,Antioquia,5.44,Marinilla
Region Eje Cafetero - Antioquia,5,Antioquia,5.467,Montebello
Region Eje Cafetero - Antioquia,5,Antioquia,5.475,Murindo
Region Eje Cafetero - Antioquia,5,Antioquia,5.48,Mutata
Region Eje Cafetero - Antioquia,5,Antioquia,5.483,Narino
Region Eje Cafetero - Antioquia,5,Antioquia,5.49,Necocli
Region Eje Cafetero - Antioquia,5,Antioquia,5.495,Nechi
Region Eje Cafetero - Antioquia,5,Antioquia,5.501,Olaya
Region Eje Cafetero - Antioquia,5,Antioquia,5.541,Penol
Region Eje Cafetero - Antioquia,5,Antioquia,5.543,Peque
Region Eje Cafetero - Antioquia,5,Antioquia,5.576,Pueblorrico
Region Eje Cafetero - Antioquia,5,Antioquia,5.579,Puerto Berrio
Region Eje Cafetero - Antioquia,5,Antioquia,5.585,Puerto Nare
Region Eje Cafetero - Antioquia,5,Antioquia,5.591,Puerto Triunfo
Region Eje Cafetero - Antioquia,5,Antioquia,5.604,Remedios
Region Eje Cafetero - Antioquia,5,Antioquia,5.607,Retiro
Region Eje Cafetero - Antioquia,5,Antioquia,5.615,Rionegro
Region Eje Cafetero - Antioquia,5,Antioquia,5.628,Sabanalarga
Region Eje Cafetero - Antioquia,5,Antioquia,5.631,Sabaneta
Region Eje Cafetero - Antioquia,5,Antioquia,5.642,Salgar
Region Centro Oriente,15,Boyaca,15.189,Cienega
Region Pacifico,52,Narino,52.699,Santacruz
Region Eje Cafetero - Antioquia,5,Antioquia,5.652,San Francisco
Region Eje Cafetero - Antioquia,5,Antioquia,5.656,San Jeronimo
Region Centro Oriente,68,Santander,68.575,Puerto Wilches
Region Centro Oriente,68,Santander,68.573,Puerto Parra
Region Eje Cafetero - Antioquia,5,Antioquia,5.66,San Luis
Region Eje Cafetero - Antioquia,5,Antioquia,5.664,San Pedro
Region Eje Cafetero - Antioquia,5,Antioquia,5.667,San Rafael
Region Eje Cafetero - Antioquia,5,Antioquia,5.67,San Roque
Region Eje Cafetero - Antioquia,5,Antioquia,5.674,San Vicente
Region Eje Cafetero - Antioquia,5,Antioquia,5.679,Santa Barbara
Region Eje Cafetero - Antioquia,5,Antioquia,5.69,Santo Domingo
Region Eje Cafetero - Antioquia,5,Antioquia,5.697,El Santuario
Region Eje Cafetero - Antioquia,5,Antioquia,5.736,Segovia
Region Eje Cafetero - Antioquia,5,Antioquia,5.761,Sopetran
Region Llano,50,Meta,50.37,Uribe
Region Eje Cafetero - Antioquia,5,Antioquia,5.789,Tamesis
Region Eje Cafetero - Antioquia,5,Antioquia,5.79,Taraza
Region Eje Cafetero - Antioquia,5,Antioquia,5.792,Tarso
Region Eje Cafetero - Antioquia,5,Antioquia,5.809,Titiribi
Region Eje Cafetero - Antioquia,5,Antioquia,5.819,Toledo
Region Eje Cafetero - Antioquia,5,Antioquia,5.837,Turbo
Region Eje Cafetero - Antioquia,5,Antioquia,5.842,Uramita
Region Eje Cafetero - Antioquia,5,Antioquia,5.847,Urrao
Region Eje Cafetero - Antioquia,5,Antioquia,5.854,Valdivia
Region Eje Cafetero - Antioquia,5,Antioquia,5.856,Valparaiso
Region Eje Cafetero - Antioquia,5,Antioquia,5.858,Vegachi
Region Eje Cafetero - Antioquia,5,Antioquia,5.861,Venecia
Region Eje Cafetero - Antioquia,5,Antioquia,5.885,Yali
Region Eje Cafetero - Antioquia,5,Antioquia,5.887,Yarumal
Region Eje Cafetero - Antioquia,5,Antioquia,5.89,Yolombo
Region Eje Cafetero - Antioquia,5,Antioquia,5.893,Yondo
Region Eje Cafetero - Antioquia,5,Antioquia,5.895,Zaragoza
Region Caribe,8,Atlantico,8.001,Barranquilla
Region Caribe,8,Atlantico,8.078,Baranoa
Region Caribe,8,Atlantico,8.141,Candelaria
Region Caribe,8,Atlantico,8.296,Galapa
Region Caribe,8,Atlantico,8.421,Luruaco
Region Caribe,8,Atlantico,8.433,Malambo
Region Caribe,8,Atlantico,8.436,Manati
Region Caribe,8,Atlantico,8.549,Piojo
Region Caribe,8,Atlantico,8.558,Polonuevo
Region Caribe,8,Atlantico,8.634,Sabanagrande
Region Caribe,8,Atlantico,8.638,Sabanalarga
Region Caribe,8,Atlantico,8.675,Santa Lucia
Region Caribe,8,Atlantico,8.685,Santo Tomas
Region Caribe,8,Atlantico,8.758,Soledad
Region Caribe,8,Atlantico,8.77,Suan
Region Caribe,8,Atlantico,8.832,Tubara
Region Caribe,8,Atlantico,8.849,Usiacuri
Region Caribe,13,Bolivar,13.006,Achi
Region Caribe,13,Bolivar,13.042,Arenal
Region Caribe,13,Bolivar,13.052,Arjona
Region Caribe,13,Bolivar,13.062,Arroyohondo
Region Caribe,13,Bolivar,13.14,Calamar
Region Caribe,13,Bolivar,13.16,Cantagallo
Region Caribe,13,Bolivar,13.188,Cicuco
Region Caribe,13,Bolivar,13.212,Cordoba
Region Caribe,13,Bolivar,13.222,Clemencia
Region Caribe,13,Bolivar,13.248,El Guamo
Region Caribe,13,Bolivar,13.43,Magangue
Region Caribe,13,Bolivar,13.433,Mahates
Region Caribe,13,Bolivar,13.44,Margarita
Region Caribe,13,Bolivar,13.458,Montecristo
Region Caribe,13,Bolivar,13.468,Mompos
Region Caribe,13,Bolivar,13.473,Morales
Region Caribe,13,Bolivar,13.49,Norosi
Region Caribe,13,Bolivar,13.549,Pinillos
Region Caribe,13,Bolivar,13.58,Regidor
Region Caribe,13,Bolivar,13.6,Rio Viejo
Region Caribe,13,Bolivar,13.647,San Estanislao
Region Caribe,13,Bolivar,13.65,San Fernando
Region Caribe,13,Bolivar,13.657,San Juan Nepomuceno
Region Caribe,13,Bolivar,13.673,Santa Catalina
Region Caribe,13,Bolivar,13.683,Santa Rosa
Region Caribe,13,Bolivar,13.744,Simiti
Region Caribe,13,Bolivar,13.76,Soplaviento
Region Caribe,13,Bolivar,13.78,Talaigua Nuevo
Region Caribe,13,Bolivar,13.81,Tiquisio
Region Caribe,13,Bolivar,13.836,Turbaco
Region Caribe,13,Bolivar,13.838,Turbana
Region Caribe,13,Bolivar,13.873,Villanueva
Region Centro Oriente,15,Boyaca,15.001,Tunja
Region Centro Oriente,15,Boyaca,15.022,Almeida
Region Centro Oriente,15,Boyaca,15.047,Aquitania
Region Centro Oriente,15,Boyaca,15.051,Arcabuco
Region Centro Oriente,15,Boyaca,15.09,Berbeo
Region Centro Oriente,15,Boyaca,15.092,Beteitiva
Region Centro Oriente,15,Boyaca,15.097,Boavita
Region Centro Oriente,15,Boyaca,15.104,Boyaca
Region Centro Oriente,15,Boyaca,15.106,Briceno
Region Centro Oriente,15,Boyaca,15.109,Buena Vista
Region Centro Oriente,15,Boyaca,15.114,Busbanza
Region Centro Oriente,15,Boyaca,15.131,Caldas
Region Centro Oriente,15,Boyaca,15.135,Campohermoso
Region Centro Oriente,15,Boyaca,15.162,Cerinza
Region Centro Oriente,15,Boyaca,15.172,Chinavita
Region Centro Oriente,15,Boyaca,15.176,Chiquinquira
Region Centro Oriente,15,Boyaca,15.18,Chiscas
Region Centro Oriente,15,Boyaca,15.183,Chita
Region Centro Oriente,15,Boyaca,15.185,Chitaraque
Region Centro Oriente,15,Boyaca,15.187,Chivata
Region Centro Oriente,15,Boyaca,15.204,Combita
Region Centro Oriente,15,Boyaca,15.212,Coper
Region Centro Oriente,15,Boyaca,15.215,Corrales
Region Centro Oriente,15,Boyaca,15.218,Covarachia
Region Centro Oriente,15,Boyaca,15.223,Cubara
Region Centro Oriente,15,Boyaca,15.224,Cucaita
Region Centro Oriente,15,Boyaca,15.226,Cuitiva
Region Centro Oriente,15,Boyaca,15.232,Chiquiza
Region Centro Oriente,15,Boyaca,15.236,Chivor
Region Centro Oriente,15,Boyaca,15.238,Duitama
Region Centro Oriente,15,Boyaca,15.244,El Cocuy
Region Centro Oriente,15,Boyaca,15.248,El Espino
Region Centro Oriente,15,Boyaca,15.272,Firavitoba
Region Centro Oriente,15,Boyaca,15.276,Floresta
Region Centro Oriente,15,Boyaca,15.293,Gachantiva
Region Centro Oriente,15,Boyaca,15.296,Gameza
Region Centro Oriente,15,Boyaca,15.299,Garagoa
Region Centro Oriente,15,Boyaca,15.317,Guacamayas
Region Centro Oriente,15,Boyaca,15.322,Guateque
Region Centro Oriente,15,Boyaca,15.325,Guayata
Region Centro Oriente,15,Boyaca,15.332,Guican
Region Centro Oriente,15,Boyaca,15.362,Iza
Region Centro Oriente,15,Boyaca,15.367,Jenesano
Region Centro Oriente,15,Boyaca,15.368,Jerico
Region Centro Oriente,15,Boyaca,15.377,Labranzagrande
Region Centro Oriente,15,Boyaca,15.38,La Capilla
Region Centro Oriente,15,Boyaca,15.401,La Victoria
Region Centro Oriente,15,Boyaca,15.425,Macanal
Region Centro Oriente,15,Boyaca,15.442,Maripi
Region Centro Oriente,15,Boyaca,15.455,Miraflores
Region Centro Oriente,15,Boyaca,15.464,Mongua
Region Centro Oriente,15,Boyaca,15.466,Mongui
Region Centro Oriente,15,Boyaca,15.469,Moniquira
Region Centro Oriente,15,Boyaca,15.48,Muzo
Region Centro Oriente,15,Boyaca,15.491,Nobsa
Region Centro Oriente,15,Boyaca,15.494,Nuevo Colon
Region Centro Oriente,15,Boyaca,15.5,Oicata
Region Centro Oriente,15,Boyaca,15.507,Otanche
Region Centro Oriente,15,Boyaca,15.511,Pachavita
Region Centro Oriente,15,Boyaca,15.514,Paez
Region Centro Oriente,15,Boyaca,15.516,Paipa
Region Centro Oriente,15,Boyaca,15.518,Pajarito
Region Centro Oriente,15,Boyaca,15.522,Panqueba
Region Centro Oriente,15,Boyaca,15.531,Pauna
Region Centro Oriente,15,Boyaca,15.533,Paya
Region Centro Oriente,15,Boyaca,15.542,Pesca
Region Centro Oriente,15,Boyaca,15.55,Pisba
Region Centro Oriente,15,Boyaca,15.572,Puerto Boyaca
Region Centro Oriente,15,Boyaca,15.58,Quipama
Region Centro Oriente,15,Boyaca,15.599,Ramiriqui
Region Centro Oriente,15,Boyaca,15.6,Raquira
Region Centro Oriente,15,Boyaca,15.621,Rondon
Region Centro Oriente,15,Boyaca,15.632,Saboya
Region Centro Oriente,15,Boyaca,15.638,Sachica
Region Centro Oriente,15,Boyaca,15.646,Samaca
Region Centro Oriente,15,Boyaca,15.66,San Eduardo
Region Centro Oriente,15,Boyaca,15.673,San Mateo
Region Centro Oriente,15,Boyaca,15.686,Santana
Region Centro Oriente,15,Boyaca,15.69,Santa Maria
Region Centro Oriente,15,Boyaca,15.696,Santa Sofia
Region Centro Oriente,15,Boyaca,15.72,Sativanorte
Region Centro Oriente,15,Boyaca,15.723,Sativasur
Region Centro Oriente,15,Boyaca,15.74,Siachoque
Region Centro Oriente,15,Boyaca,15.753,Soata
Region Centro Oriente,15,Boyaca,15.755,Socota
Region Centro Oriente,15,Boyaca,15.757,Socha
Region Centro Oriente,15,Boyaca,15.759,Sogamoso
Region Centro Oriente,15,Boyaca,15.761,Somondoco
Region Centro Oriente,15,Boyaca,15.762,Sora
Region Centro Oriente,15,Boyaca,15.763,Sotaquira
Region Centro Oriente,15,Boyaca,15.764,Soraca
Region Centro Oriente,15,Boyaca,15.774,Susacon
Region Centro Oriente,15,Boyaca,15.776,Sutamarchan
Region Centro Oriente,15,Boyaca,15.778,Sutatenza
Region Centro Oriente,15,Boyaca,15.79,Tasco
Region Centro Oriente,15,Boyaca,15.798,Tenza
Region Centro Oriente,15,Boyaca,15.804,Tibana
Region Centro Oriente,15,Boyaca,15.808,Tinjaca
Region Centro Oriente,15,Boyaca,15.81,Tipacoque
Region Centro Oriente,15,Boyaca,15.814,Toca
Region Centro Oriente,15,Boyaca,15.82,Topaga
Region Centro Oriente,15,Boyaca,15.822,Tota
Region Centro Oriente,15,Boyaca,15.835,Turmeque
Region Centro Oriente,15,Boyaca,15.839,Tutaza
Region Centro Oriente,15,Boyaca,15.842,Umbita
Region Centro Oriente,15,Boyaca,15.861,Ventaquemada
Region Centro Oriente,15,Boyaca,15.879,Viracacha
Region Centro Oriente,15,Boyaca,15.897,Zetaquira
Region Eje Cafetero - Antioquia,17,Caldas,17.001,Manizales
Region Eje Cafetero - Antioquia,17,Caldas,17.013,Aguadas
Region Eje Cafetero - Antioquia,17,Caldas,17.042,Anserma
Region Eje Cafetero - Antioquia,17,Caldas,17.05,Aranzazu
Region Eje Cafetero - Antioquia,17,Caldas,17.088,Belalcazar
Region Eje Cafetero - Antioquia,17,Caldas,17.174,Chinchina
Region Eje Cafetero - Antioquia,17,Caldas,17.272,Filadelfia
Region Eje Cafetero - Antioquia,17,Caldas,17.38,La Dorada
Region Eje Cafetero - Antioquia,17,Caldas,17.388,La Merced
Region Eje Cafetero - Antioquia,17,Caldas,17.433,Manzanares
Region Eje Cafetero - Antioquia,17,Caldas,17.442,Marmato
Region Eje Cafetero - Antioquia,17,Caldas,17.446,Marulanda
Region Eje Cafetero - Antioquia,17,Caldas,17.486,Neira
Region Eje Cafetero - Antioquia,17,Caldas,17.495,Norcasia
Region Eje Cafetero - Antioquia,17,Caldas,17.513,Pacora
Region Eje Cafetero - Antioquia,17,Caldas,17.524,Palestina
Region Eje Cafetero - Antioquia,17,Caldas,17.541,Pensilvania
Region Eje Cafetero - Antioquia,17,Caldas,17.614,Riosucio
Region Eje Cafetero - Antioquia,17,Caldas,17.616,Risaralda
Region Eje Cafetero - Antioquia,17,Caldas,17.653,Salamina
Region Eje Cafetero - Antioquia,17,Caldas,17.662,Samana
Region Eje Cafetero - Antioquia,17,Caldas,17.665,San Jose
Region Eje Cafetero - Antioquia,17,Caldas,17.777,Supia
Region Eje Cafetero - Antioquia,17,Caldas,17.867,Victoria
Region Eje Cafetero - Antioquia,17,Caldas,17.873,Villamaria
Region Eje Cafetero - Antioquia,17,Caldas,17.877,Viterbo
Region Centro Sur,18,Caqueta,18.001,Florencia
Region Centro Sur,18,Caqueta,18.029,Albania
Region Centro Sur,18,Caqueta,18.205,Curillo
Region Centro Sur,18,Caqueta,18.247,El Doncello
Region Centro Sur,18,Caqueta,18.256,El Paujil
Region Centro Sur,18,Caqueta,18.479,Morelia
Region Centro Sur,18,Caqueta,18.592,Puerto Rico
Region Centro Sur,18,Caqueta,18.756,Solano
Region Centro Sur,18,Caqueta,18.785,Solita
Region Centro Sur,18,Caqueta,18.86,Valparaiso
Region Pacifico,19,Cauca,19.001,Popayan
Region Pacifico,19,Cauca,19.022,Almaguer
Region Pacifico,19,Cauca,19.05,Argelia
Region Pacifico,19,Cauca,19.075,Balboa
Region Pacifico,19,Cauca,19.1,Bolivar
Region Pacifico,19,Cauca,19.11,Buenos Aires
Region Pacifico,19,Cauca,19.13,Cajibio
Region Pacifico,19,Cauca,19.137,Caldono
Region Pacifico,19,Cauca,19.142,Caloto
Region Pacifico,19,Cauca,19.212,Corinto
Region Pacifico,19,Cauca,19.256,El Tambo
Region Pacifico,19,Cauca,19.29,Florencia
Region Pacifico,19,Cauca,19.3,Guachene
Region Pacifico,19,Cauca,19.318,Guapi
Region Pacifico,19,Cauca,19.355,Inza
Region Pacifico,19,Cauca,19.364,Jambalo
Region Pacifico,19,Cauca,19.392,La Sierra
Region Pacifico,19,Cauca,19.397,La Vega
Region Pacifico,19,Cauca,19.418,Lopez
Region Pacifico,19,Cauca,19.45,Mercaderes
Region Pacifico,19,Cauca,19.455,Miranda
Region Pacifico,19,Cauca,19.473,Morales
Region Pacifico,19,Cauca,19.513,Padilla
Region Pacifico,19,Cauca,19.532,Patia
Region Pacifico,19,Cauca,19.533,Piamonte
Region Pacifico,19,Cauca,19.548,Piendamo
Region Pacifico,19,Cauca,19.573,Puerto Tejada
Region Pacifico,19,Cauca,19.585,Purace
Region Pacifico,19,Cauca,19.622,Rosas
Region Pacifico,19,Cauca,19.701,Santa Rosa
Region Pacifico,19,Cauca,19.743,Silvia
Region Pacifico,19,Cauca,19.76,Sotara
Region Pacifico,19,Cauca,19.78,Suarez
Region Pacifico,19,Cauca,19.785,Sucre
Region Pacifico,19,Cauca,19.807,Timbio
Region Pacifico,19,Cauca,19.809,Timbiqui
Region Pacifico,19,Cauca,19.821,Toribio
Region Pacifico,19,Cauca,19.824,Totoro
Region Pacifico,19,Cauca,19.845,Villa Rica
Region Caribe,20,Cesar,20.001,Valledupar
Region Caribe,20,Cesar,20.011,Aguachica
Region Caribe,20,Cesar,20.013,Agustin Codazzi
Region Caribe,20,Cesar,20.032,Astrea
Region Caribe,20,Cesar,20.045,Becerril
Region Caribe,20,Cesar,20.06,Bosconia
Region Caribe,20,Cesar,20.175,Chimichagua
Region Caribe,20,Cesar,20.178,Chiriguana
Region Caribe,20,Cesar,20.228,Curumani
Region Caribe,20,Cesar,20.238,El Copey
Region Caribe,20,Cesar,20.25,El Paso
Region Caribe,20,Cesar,20.295,Gamarra
Region Caribe,20,Cesar,20.31,Gonzalez
Region Caribe,20,Cesar,20.383,La Gloria
Region Caribe,20,Cesar,20.443,Manaure
Region Caribe,20,Cesar,20.517,Pailitas
Region Caribe,20,Cesar,20.55,Pelaya
Region Caribe,20,Cesar,20.57,Pueblo Bello
Region Caribe,20,Cesar,20.621,La Paz
Region Caribe,20,Cesar,20.71,San Alberto
Region Caribe,20,Cesar,20.75,San Diego
Region Caribe,20,Cesar,20.77,San Martin
Region Caribe,20,Cesar,20.787,Tamalameque
Region Caribe,23,Cordoba,23.001,Monteria
Region Caribe,23,Cordoba,23.068,Ayapel
Region Caribe,23,Cordoba,23.079,Buenavista
Region Caribe,23,Cordoba,23.09,Canalete
Region Caribe,23,Cordoba,23.162,Cerete
Region Caribe,23,Cordoba,23.168,Chima
Region Caribe,23,Cordoba,23.182,Chinu
Region Caribe,23,Cordoba,23.3,Cotorra
Region Caribe,23,Cordoba,23.417,Lorica
Region Caribe,23,Cordoba,23.419,Los Cordobas
Region Caribe,23,Cordoba,23.464,Momil
Region Caribe,23,Cordoba,23.5,Monitos
Region Caribe,23,Cordoba,23.555,Planeta Rica
Region Caribe,23,Cordoba,23.57,Pueblo Nuevo
Region Caribe,23,Cordoba,23.574,Puerto Escondido
Region Caribe,23,Cordoba,23.586,Purisima
Region Caribe,23,Cordoba,23.66,Sahagun
Region Caribe,23,Cordoba,23.67,San Andres Sotavento
Region Caribe,23,Cordoba,23.672,San Antero
Region Caribe,23,Cordoba,23.686,San Pelayo
Region Caribe,23,Cordoba,23.807,Tierralta
Region Caribe,23,Cordoba,23.815,Tuchin
Region Caribe,23,Cordoba,23.855,Valencia
Region Centro Oriente,25,Cundinamarca,25.035,Anapoima
Region Centro Oriente,25,Cundinamarca,25.053,Arbelaez
Region Centro Oriente,25,Cundinamarca,25.086,Beltran
Region Centro Oriente,25,Cundinamarca,25.095,Bituima
Region Centro Oriente,25,Cundinamarca,25.099,Bojaca
Region Centro Oriente,25,Cundinamarca,25.12,Cabrera
Region Centro Oriente,25,Cundinamarca,25.123,Cachipay
Region Centro Oriente,25,Cundinamarca,25.126,Cajica
Region Centro Oriente,25,Cundinamarca,25.148,Caparrapi
Region Centro Oriente,25,Cundinamarca,25.151,Caqueza
Region Centro Oriente,25,Cundinamarca,25.168,Chaguani
Region Centro Oriente,25,Cundinamarca,25.178,Chipaque
Region Centro Oriente,25,Cundinamarca,25.181,Choachi
Region Centro Oriente,25,Cundinamarca,25.183,Choconta
Region Centro Oriente,25,Cundinamarca,25.2,Cogua
Region Centro Oriente,25,Cundinamarca,25.214,Cota
Region Centro Oriente,25,Cundinamarca,25.224,Cucunuba
Region Centro Oriente,25,Cundinamarca,25.245,El Colegio
Region Centro Oriente,25,Cundinamarca,25.26,El Rosal
Region Centro Oriente,25,Cundinamarca,25.279,Fomeque
Region Centro Oriente,25,Cundinamarca,25.281,Fosca
Region Centro Oriente,25,Cundinamarca,25.286,Funza
Region Centro Oriente,25,Cundinamarca,25.288,Fuquene
Region Centro Oriente,25,Cundinamarca,25.293,Gachala
Region Centro Oriente,25,Cundinamarca,25.295,Gachancipa
Region Centro Oriente,25,Cundinamarca,25.297,Gacheta
Region Centro Oriente,25,Cundinamarca,25.307,Girardot
Region Centro Oriente,25,Cundinamarca,25.312,Granada
Region Centro Oriente,25,Cundinamarca,25.317,Guacheta
Region Centro Oriente,25,Cundinamarca,25.32,Guaduas
Region Centro Oriente,25,Cundinamarca,25.322,Guasca
Region Centro Oriente,25,Cundinamarca,25.324,Guataqui
Region Centro Oriente,25,Cundinamarca,25.326,Guatavita
Region Centro Oriente,25,Cundinamarca,25.335,Guayabetal
Region Centro Oriente,25,Cundinamarca,25.339,Gutierrez
Region Centro Oriente,25,Cundinamarca,25.368,Jerusalen
Region Centro Oriente,25,Cundinamarca,25.372,Junin
Region Centro Oriente,25,Cundinamarca,25.377,La Calera
Region Centro Oriente,25,Cundinamarca,25.386,La Mesa
Region Centro Oriente,25,Cundinamarca,25.394,La Palma
Region Centro Oriente,25,Cundinamarca,25.398,La Pena
Region Centro Oriente,25,Cundinamarca,25.402,La Vega
Region Centro Oriente,25,Cundinamarca,25.407,Lenguazaque
Region Centro Oriente,25,Cundinamarca,25.426,Macheta
Region Centro Oriente,25,Cundinamarca,25.43,Madrid
Region Centro Oriente,25,Cundinamarca,25.436,Manta
Region Centro Oriente,25,Cundinamarca,25.438,Medina
Region Centro Oriente,25,Cundinamarca,25.473,Mosquera
Region Centro Oriente,25,Cundinamarca,25.483,Narino
Region Centro Oriente,25,Cundinamarca,25.486,Nemocon
Region Centro Oriente,25,Cundinamarca,25.488,Nilo
Region Centro Oriente,25,Cundinamarca,25.489,Nimaima
Region Centro Oriente,25,Cundinamarca,25.491,Nocaima
Region Centro Oriente,25,Cundinamarca,25.506,Venecia
Region Centro Oriente,25,Cundinamarca,25.513,Pacho
Region Centro Oriente,25,Cundinamarca,25.518,Paime
Region Centro Oriente,25,Cundinamarca,25.524,Pandi
Region Centro Oriente,25,Cundinamarca,25.53,Paratebueno
Region Centro Oriente,25,Cundinamarca,25.535,Pasca
Region Centro Oriente,25,Cundinamarca,25.572,Puerto Salgar
Region Centro Oriente,25,Cundinamarca,25.58,Puli
Region Centro Oriente,25,Cundinamarca,25.592,Quebradanegra
Region Centro Oriente,25,Cundinamarca,25.594,Quetame
Region Centro Oriente,25,Cundinamarca,25.596,Quipile
Region Centro Oriente,25,Cundinamarca,25.599,Apulo
Region Centro Oriente,25,Cundinamarca,25.612,Ricaurte
Region Centro Oriente,25,Cundinamarca,25.649,San Bernardo
Region Centro Oriente,25,Cundinamarca,25.653,San Cayetano
Region Centro Oriente,25,Cundinamarca,25.658,San Francisco
Region Centro Oriente,25,Cundinamarca,25.736,Sesquile
Region Centro Oriente,25,Cundinamarca,25.74,Sibate
Region Centro Oriente,25,Cundinamarca,25.743,Silvania
Region Centro Oriente,25,Cundinamarca,25.745,Simijaca
Region Centro Oriente,25,Cundinamarca,25.754,Soacha
Region Centro Oriente,25,Cundinamarca,25.769,Subachoque
Region Centro Oriente,25,Cundinamarca,25.772,Suesca
Region Centro Oriente,25,Cundinamarca,25.777,Supata
Region Centro Oriente,25,Cundinamarca,25.779,Susa
Region Centro Oriente,25,Cundinamarca,25.781,Sutatausa
Region Centro Oriente,25,Cundinamarca,25.785,Tabio
Region Centro Oriente,25,Cundinamarca,25.793,Tausa
Region Centro Oriente,25,Cundinamarca,25.797,Tena
Region Centro Oriente,25,Cundinamarca,25.799,Tenjo
Region Centro Oriente,25,Cundinamarca,25.805,Tibacuy
Region Centro Oriente,25,Cundinamarca,25.807,Tibirita
Region Centro Oriente,25,Cundinamarca,25.815,Tocaima
Region Centro Oriente,25,Cundinamarca,25.817,Tocancipa
Region Centro Oriente,25,Cundinamarca,25.823,Topaipi
Region Centro Oriente,25,Cundinamarca,25.839,Ubala
Region Centro Oriente,25,Cundinamarca,25.841,Ubaque
Region Centro Oriente,25,Cundinamarca,25.845,Une
Region Centro Oriente,25,Cundinamarca,25.851,Utica
Region Centro Oriente,25,Cundinamarca,25.867,Viani
Region Centro Oriente,25,Cundinamarca,25.871,Villagomez
Region Centro Oriente,25,Cundinamarca,25.873,Villapinzon
Region Centro Oriente,25,Cundinamarca,25.875,Villeta
Region Centro Oriente,25,Cundinamarca,25.878,Viota
Region Centro Oriente,25,Cundinamarca,25.898,Zipacon
Region Pacifico,27,Choco,27.001,Quibdo
Region Pacifico,27,Choco,27.006,Acandi
Region Pacifico,27,Choco,27.025,Alto Baudo
Region Pacifico,27,Choco,27.05,Atrato
Region Pacifico,27,Choco,27.073,Bagado
Region Pacifico,27,Choco,27.075,Bahia Solano
Region Pacifico,27,Choco,27.077,Bajo Baudo
Region Pacifico,27,Choco,27.099,Bojaya
Region Pacifico,27,Choco,27.16,Certegui
Region Pacifico,27,Choco,27.205,Condoto
Region Pacifico,27,Choco,27.372,Jurado
Region Pacifico,27,Choco,27.413,Lloro
Region Pacifico,27,Choco,27.425,Medio Atrato
Region Pacifico,27,Choco,27.43,Medio Baudo
Region Pacifico,27,Choco,27.45,Medio San Juan
Region Pacifico,27,Choco,27.491,Novita
Region Pacifico,27,Choco,27.495,Nuqui
Region Pacifico,27,Choco,27.58,Rio Iro
Region Pacifico,27,Choco,27.6,Rio Quito
Region Pacifico,27,Choco,27.615,Riosucio
Region Pacifico,27,Choco,27.745,Sipi
Region Pacifico,27,Choco,27.8,Unguia
Region Centro Sur,41,Huila,41.001,Neiva
Region Centro Sur,41,Huila,41.006,Acevedo
Region Centro Sur,41,Huila,41.013,Agrado
Region Centro Sur,41,Huila,41.016,Aipe
Region Centro Sur,41,Huila,41.02,Algeciras
Region Centro Sur,41,Huila,41.026,Altamira
Region Centro Sur,41,Huila,41.078,Baraya
Region Centro Sur,41,Huila,41.132,Campoalegre
Region Centro Sur,41,Huila,41.206,Colombia
Region Centro Sur,41,Huila,41.244,Elias
Region Centro Sur,41,Huila,41.298,Garzon
Region Centro Sur,41,Huila,41.306,Gigante
Region Centro Sur,41,Huila,41.319,Guadalupe
Region Centro Sur,41,Huila,41.349,Hobo
Region Centro Sur,41,Huila,41.357,Iquira
Region Centro Sur,41,Huila,41.359,Isnos
Region Centro Sur,41,Huila,41.378,La Argentina
Region Centro Sur,41,Huila,41.396,La Plata
Region Centro Sur,41,Huila,41.483,Nataga
Region Centro Sur,41,Huila,41.503,Oporapa
Region Centro Sur,41,Huila,41.518,Paicol
Region Centro Sur,41,Huila,41.524,Palermo
Region Centro Sur,41,Huila,41.53,Palestina
Region Centro Sur,41,Huila,41.548,Pital
Region Centro Sur,41,Huila,41.551,Pitalito
Region Centro Sur,41,Huila,41.615,Rivera
Region Centro Sur,41,Huila,41.66,Saladoblanco
Region Centro Sur,41,Huila,41.676,Santa Maria
Region Centro Sur,41,Huila,41.77,Suaza
Region Centro Sur,41,Huila,41.791,Tarqui
Region Centro Sur,41,Huila,41.797,Tesalia
Region Centro Sur,41,Huila,41.799,Tello
Region Centro Sur,41,Huila,41.801,Teruel
Region Centro Sur,41,Huila,41.807,Timana
Region Centro Sur,41,Huila,41.872,Villavieja
Region Centro Sur,41,Huila,41.885,Yaguara
Region Caribe,44,La Guajira,44.001,Riohacha
Region Caribe,44,La Guajira,44.035,Albania
Region Caribe,44,La Guajira,44.078,Barrancas
Region Caribe,44,La Guajira,44.09,Dibula
Region Caribe,44,La Guajira,44.098,Distraccion
Region Caribe,44,La Guajira,44.11,El Molino
Region Caribe,44,La Guajira,44.279,Fonseca
Region Caribe,44,La Guajira,44.378,Hatonuevo
Region Caribe,44,La Guajira,44.43,Maicao
Region Caribe,44,La Guajira,44.56,Manaure
Region Caribe,44,La Guajira,44.847,Uribia
Region Caribe,44,La Guajira,44.855,Urumita
Region Caribe,44,La Guajira,44.874,Villanueva
Region Caribe,47,Magdalena,47.001,Santa Marta
Region Caribe,47,Magdalena,47.03,Algarrobo
Region Caribe,47,Magdalena,47.053,Aracataca
Region Caribe,47,Magdalena,47.058,Ariguani
Region Caribe,47,Magdalena,47.161,Cerro San Antonio
Region Caribe,47,Magdalena,47.17,Chivolo
Region Caribe,47,Magdalena,47.205,Concordia
Region Caribe,47,Magdalena,47.245,El Banco
Region Caribe,47,Magdalena,47.258,El Pinon
Region Caribe,47,Magdalena,47.268,El Reten
Region Caribe,47,Magdalena,47.288,Fundacion
Region Caribe,47,Magdalena,47.318,Guamal
Region Caribe,47,Magdalena,47.46,Nueva Granada
Region Caribe,47,Magdalena,47.541,Pedraza
Region Caribe,47,Magdalena,47.551,Pivijay
Region Caribe,47,Magdalena,47.555,Plato
Region Caribe,47,Magdalena,47.605,Remolino
Region Caribe,47,Magdalena,47.675,Salamina
Region Caribe,47,Magdalena,47.703,San Zenon
Region Caribe,47,Magdalena,47.707,Santa Ana
Region Caribe,47,Magdalena,47.745,Sitionuevo
Region Caribe,47,Magdalena,47.798,Tenerife
Region Caribe,47,Magdalena,47.96,Zapayan
Region Caribe,47,Magdalena,47.98,Zona Bananera
Region Llano,50,Meta,50.001,Villavicencio
Region Llano,50,Meta,50.006,Acacias
Region Llano,50,Meta,50.124,Cabuyaro
Region Llano,50,Meta,50.223,Cubarral
Region Llano,50,Meta,50.226,Cumaral
Region Llano,50,Meta,50.245,El Calvario
Region Llano,50,Meta,50.251,El Castillo
Region Llano,50,Meta,50.27,El Dorado
Region Llano,50,Meta,50.313,Granada
Region Llano,50,Meta,50.318,Guamal
Region Llano,50,Meta,50.325,Mapiripan
Region Llano,50,Meta,50.33,Mesetas
Region Llano,50,Meta,50.35,La Macarena
Region Llano,50,Meta,50.4,Lejanias
Region Llano,50,Meta,50.45,Puerto Concordia
Region Llano,50,Meta,50.568,Puerto Gaitan
Region Llano,50,Meta,50.573,Puerto Lopez
Region Llano,50,Meta,50.577,Puerto Lleras
Region Llano,50,Meta,50.59,Puerto Rico
Region Llano,50,Meta,50.606,Restrepo
Region Llano,50,Meta,50.686,San Juanito
Region Llano,50,Meta,50.689,San Martin
Region Llano,50,Meta,50.711,Vista Hermosa
Region Pacifico,52,Narino,52.001,Pasto
Region Pacifico,52,Narino,52.019,Alban
Region Pacifico,52,Narino,52.022,Aldana
Region Pacifico,52,Narino,52.036,Ancuya
Region Pacifico,52,Narino,52.079,Barbacoas
Region Pacifico,52,Narino,52.203,Colon
Region Pacifico,52,Narino,52.207,Consaca
Region Pacifico,52,Narino,52.21,Contadero
Region Pacifico,52,Narino,52.215,Cordoba
Region Pacifico,52,Narino,52.224,Cuaspud
Region Pacifico,52,Narino,52.227,Cumbal
Region Pacifico,52,Narino,52.233,Cumbitara
Region Pacifico,52,Narino,52.25,El Charco
Region Pacifico,52,Narino,52.254,El Penol
Region Pacifico,52,Narino,52.256,El Rosario
Region Pacifico,52,Narino,52.26,El Tambo
Region Pacifico,52,Narino,52.287,Funes
Region Pacifico,52,Narino,52.317,Guachucal
Region Pacifico,52,Narino,52.32,Guaitarilla
Region Pacifico,52,Narino,52.323,Gualmatan
Region Pacifico,52,Narino,52.352,Iles
Region Pacifico,52,Narino,52.354,Imues
Region Pacifico,52,Narino,52.356,Ipiales
Region Pacifico,52,Narino,52.378,La Cruz
Region Pacifico,52,Narino,52.381,La Florida
Region Pacifico,52,Narino,52.385,La Llanada
Region Pacifico,52,Narino,52.39,La Tola
Region Pacifico,52,Narino,52.399,La Union
Region Pacifico,52,Narino,52.405,Leiva
Region Pacifico,52,Narino,52.411,Linares
Region Pacifico,52,Narino,52.418,Los Andes
Region Pacifico,52,Narino,52.427,Magui
Region Pacifico,52,Narino,52.435,Mallama
Region Pacifico,52,Narino,52.473,Mosquera
Region Pacifico,52,Narino,52.48,Narino
Region Pacifico,52,Narino,52.49,Olaya Herrera
Region Pacifico,52,Narino,52.506,Ospina
Region Pacifico,52,Narino,52.52,Francisco Pizarro
Region Pacifico,52,Narino,52.54,Policarpa
Region Pacifico,52,Narino,52.56,Potosi
Region Pacifico,52,Narino,52.565,Providencia
Region Pacifico,52,Narino,52.573,Puerres
Region Pacifico,52,Narino,52.585,Pupiales
Region Pacifico,52,Narino,52.612,Ricaurte
Region Pacifico,52,Narino,52.621,Roberto Payan
Region Pacifico,52,Narino,52.678,Samaniego
Region Pacifico,52,Narino,52.683,Sandona
Region Pacifico,52,Narino,52.685,San Bernardo
Region Pacifico,52,Narino,52.687,San Lorenzo
Region Pacifico,52,Narino,52.693,San Pablo
Region Pacifico,52,Narino,52.696,Santa Barbara
Region Pacifico,52,Narino,52.72,Sapuyes
Region Pacifico,52,Narino,52.786,Taminango
Region Pacifico,52,Narino,52.788,Tangua
Region Pacifico,52,Narino,52.838,Tuquerres
Region Pacifico,52,Narino,52.885,Yacuanquer
Region Eje Cafetero - Antioquia,63,Quindio,63.001,Armenia
Region Eje Cafetero - Antioquia,63,Quindio,63.111,Buenavista
Region Eje Cafetero - Antioquia,63,Quindio,63.19,Circasia
Region Eje Cafetero - Antioquia,63,Quindio,63.212,Cordoba
Region Eje Cafetero - Antioquia,63,Quindio,63.272,Filandia
Region Eje Cafetero - Antioquia,63,Quindio,63.401,La Tebaida
Region Eje Cafetero - Antioquia,63,Quindio,63.47,Montenegro
Region Eje Cafetero - Antioquia,63,Quindio,63.548,Pijao
Region Eje Cafetero - Antioquia,63,Quindio,63.594,Quimbaya
Region Eje Cafetero - Antioquia,63,Quindio,63.69,Salento
Region Eje Cafetero - Antioquia,66,Risaralda,66.001,Pereira
Region Eje Cafetero - Antioquia,66,Risaralda,66.045,Apia
Region Eje Cafetero - Antioquia,66,Risaralda,66.075,Balboa
Region Eje Cafetero - Antioquia,66,Risaralda,66.17,Dosquebradas
Region Eje Cafetero - Antioquia,66,Risaralda,66.318,Guatica
Region Eje Cafetero - Antioquia,66,Risaralda,66.383,La Celia
Region Eje Cafetero - Antioquia,66,Risaralda,66.4,La Virginia
Region Eje Cafetero - Antioquia,66,Risaralda,66.44,Marsella
Region Eje Cafetero - Antioquia,66,Risaralda,66.456,Mistrato
Region Eje Cafetero - Antioquia,66,Risaralda,66.572,Pueblo Rico
Region Eje Cafetero - Antioquia,66,Risaralda,66.594,Quinchia
Region Eje Cafetero - Antioquia,66,Risaralda,66.687,Santuario
Region Centro Oriente,68,Santander,68.001,Bucaramanga
Region Centro Oriente,68,Santander,68.013,Aguada
Region Centro Oriente,68,Santander,68.02,Albania
Region Centro Oriente,68,Santander,68.051,Aratoca
Region Centro Oriente,68,Santander,68.077,Barbosa
Region Centro Oriente,68,Santander,68.079,Barichara
Region Centro Oriente,68,Santander,68.081,Barrancabermeja
Region Centro Oriente,68,Santander,68.092,Betulia
Region Centro Oriente,68,Santander,68.101,Bolivar
Region Centro Oriente,68,Santander,68.121,Cabrera
Region Centro Oriente,68,Santander,68.132,California
Region Centro Oriente,68,Santander,68.152,Carcasi
Region Centro Oriente,68,Santander,68.16,Cepita
Region Centro Oriente,68,Santander,68.162,Cerrito
Region Centro Oriente,68,Santander,68.167,Charala
Region Centro Oriente,68,Santander,68.169,Charta
Region Centro Oriente,68,Santander,68.179,Chipata
Region Centro Oriente,68,Santander,68.19,Cimitarra
Region Centro Oriente,68,Santander,68.207,Concepcion
Region Centro Oriente,68,Santander,68.209,Confines
Region Centro Oriente,68,Santander,68.211,Contratacion
Region Centro Oriente,68,Santander,68.217,Coromoro
Region Centro Oriente,68,Santander,68.229,Curiti
Region Centro Oriente,68,Santander,68.245,El Guacamayo
Region Centro Oriente,68,Santander,68.255,El Playon
Region Centro Oriente,68,Santander,68.264,Encino
Region Centro Oriente,68,Santander,68.266,Enciso
Region Centro Oriente,68,Santander,68.271,Florian
Region Centro Oriente,68,Santander,68.276,Floridablanca
Region Centro Oriente,68,Santander,68.296,Galan
Region Centro Oriente,68,Santander,68.298,Gambita
Region Centro Oriente,68,Santander,68.307,Giron
Region Centro Oriente,68,Santander,68.318,Guaca
Region Centro Oriente,68,Santander,68.32,Guadalupe
Region Centro Oriente,68,Santander,68.322,Guapota
Region Centro Oriente,68,Santander,68.324,Guavata
Region Centro Oriente,68,Santander,68.327,Guepsa
Region Centro Oriente,68,Santander,68.368,Jesus Maria
Region Centro Oriente,68,Santander,68.37,Jordan
Region Centro Oriente,68,Santander,68.377,La Belleza
Region Centro Oriente,68,Santander,68.385,Landazuri
Region Centro Oriente,68,Santander,68.397,La Paz
Region Centro Oriente,68,Santander,68.406,Lebrija
Region Centro Oriente,68,Santander,68.418,Los Santos
Region Centro Oriente,68,Santander,68.425,Macaravita
Region Centro Oriente,68,Santander,68.432,Malaga
Region Centro Oriente,68,Santander,68.444,Matanza
Region Centro Oriente,68,Santander,68.464,Mogotes
Region Centro Oriente,68,Santander,68.468,Molagavita
Region Centro Oriente,68,Santander,68.498,Ocamonte
Region Centro Oriente,68,Santander,68.5,Oiba
Region Centro Oriente,68,Santander,68.502,Onzaga
Region Centro Oriente,68,Santander,68.522,Palmar
Region Centro Oriente,68,Santander,68.533,Paramo
Region Centro Oriente,68,Santander,68.547,Piedecuesta
Region Centro Oriente,68,Santander,68.549,Pinchote
Region Centro Oriente,68,Santander,68.572,Puente Nacional
Region Centro Oriente,68,Santander,68.615,Rionegro
Region Centro Oriente,68,Santander,68.669,San Andres
Region Centro Oriente,68,Santander,68.679,San Gil
Region Centro Oriente,68,Santander,68.682,San Joaquin
Region Centro Oriente,68,Santander,68.686,San Miguel
Region Centro Oriente,68,Santander,68.705,Santa Barbara
Region Centro Oriente,68,Santander,68.745,Simacota
Region Centro Oriente,68,Santander,68.755,Socorro
Region Centro Oriente,68,Santander,68.77,Suaita
Region Centro Oriente,68,Santander,68.773,Sucre
Region Centro Oriente,68,Santander,68.78,Surata
Region Centro Oriente,68,Santander,68.82,Tona
Region Centro Oriente,68,Santander,68.861,Velez
Region Centro Oriente,68,Santander,68.867,Vetas
Region Centro Oriente,68,Santander,68.872,Villanueva
Region Centro Oriente,68,Santander,68.895,Zapatoca
Region Caribe,70,Sucre,70.001,Sincelejo
Region Caribe,70,Sucre,70.11,Buenavista
Region Caribe,70,Sucre,70.124,Caimito
Region Caribe,70,Sucre,70.204,Coloso
Region Caribe,70,Sucre,70.221,Covenas
Region Caribe,70,Sucre,70.23,Chalan
Region Caribe,70,Sucre,70.233,El Roble
Region Caribe,70,Sucre,70.235,Galeras
Region Caribe,70,Sucre,70.265,Guaranda
Region Caribe,70,Sucre,70.4,La Union
Region Caribe,70,Sucre,70.418,Los Palmitos
Region Caribe,70,Sucre,70.429,Majagual
Region Caribe,70,Sucre,70.473,Morroa
Region Caribe,70,Sucre,70.508,Ovejas
Region Caribe,70,Sucre,70.523,Palmito
Region Caribe,70,Sucre,70.678,San Benito Abad
Region Caribe,70,Sucre,70.708,San Marcos
Region Caribe,70,Sucre,70.713,San Onofre
Region Caribe,70,Sucre,70.717,San Pedro
Region Caribe,70,Sucre,70.771,Sucre
Region Caribe,70,Sucre,70.823,Tolu Viejo
Region Centro Sur,73,Tolima,73.024,Alpujarra
Region Centro Sur,73,Tolima,73.026,Alvarado
Region Centro Sur,73,Tolima,73.03,Ambalema
Region Centro Sur,73,Tolima,73.055,Armero
Region Centro Sur,73,Tolima,73.067,Ataco
Region Centro Sur,73,Tolima,73.124,Cajamarca
Region Centro Sur,73,Tolima,73.168,Chaparral
Region Centro Sur,73,Tolima,73.2,Coello
Region Centro Sur,73,Tolima,73.217,Coyaima
Region Centro Sur,73,Tolima,73.226,Cunday
Region Centro Sur,73,Tolima,73.236,Dolores
Region Centro Sur,73,Tolima,73.268,Espinal
Region Centro Sur,73,Tolima,73.27,Falan
Region Centro Sur,73,Tolima,73.275,Flandes
Region Centro Sur,73,Tolima,73.283,Fresno
Region Centro Sur,73,Tolima,73.319,Guamo
Region Centro Sur,73,Tolima,73.347,Herveo
Region Centro Sur,73,Tolima,73.349,Honda
Region Centro Sur,73,Tolima,73.352,Icononzo
Region Centro Sur,73,Tolima,73.443,Mariquita
Region Centro Sur,73,Tolima,73.449,Melgar
Region Centro Sur,73,Tolima,73.461,Murillo
Region Centro Sur,73,Tolima,73.483,Natagaima
Region Centro Sur,73,Tolima,73.504,Ortega
Region Centro Sur,73,Tolima,73.52,Palocabildo
Region Centro Sur,73,Tolima,73.547,Piedras
Region Centro Sur,73,Tolima,73.555,Planadas
Region Centro Sur,73,Tolima,73.563,Prado
Region Centro Sur,73,Tolima,73.585,Purificacion
Region Centro Sur,73,Tolima,73.616,Rio Blanco
Region Centro Sur,73,Tolima,73.622,Roncesvalles
Region Centro Sur,73,Tolima,73.624,Rovira
Region Centro Sur,73,Tolima,73.671,Saldana
Region Centro Sur,73,Tolima,73.686,Santa Isabel
Region Centro Sur,73,Tolima,73.861,Venadillo
Region Centro Sur,73,Tolima,73.87,Villahermosa
Region Centro Sur,73,Tolima,73.873,Villarrica
Region Llano,81,Arauca,81.065,Arauquita
Region Llano,81,Arauca,81.22,Cravo Norte
Region Llano,81,Arauca,81.3,Fortul
Region Llano,81,Arauca,81.591,Puerto Rondon
Region Llano,81,Arauca,81.736,Saravena
Region Llano,81,Arauca,81.794,Tame
Region Llano,81,Arauca,81.001,Arauca
Region Llano,85,Casanare,85.001,Yopal
Region Llano,85,Casanare,85.01,Aguazul
Region Llano,85,Casanare,85.015,Chameza
Region Llano,85,Casanare,85.125,Hato Corozal
Region Llano,85,Casanare,85.136,La Salina
Region Llano,85,Casanare,85.162,Monterrey
Region Llano,85,Casanare,85.263,Pore
Region Llano,85,Casanare,85.279,Recetor
Region Llano,85,Casanare,85.3,Sabanalarga
Region Llano,85,Casanare,85.315,Sacama
Region Llano,85,Casanare,85.41,Tauramena
Region Llano,85,Casanare,85.43,Trinidad
Region Llano,85,Casanare,85.44,Villanueva
Region Centro Sur,86,Putumayo,86.001,Mocoa
Region Centro Sur,86,Putumayo,86.219,Colon
Region Centro Sur,86,Putumayo,86.32,Orito
Region Centro Sur,86,Putumayo,86.569,Puerto Caicedo
Region Centro Sur,86,Putumayo,86.571,Puerto Guzman
Region Centro Sur,86,Putumayo,86.573,Leguizamo
Region Centro Sur,86,Putumayo,86.749,Sibundoy
Region Centro Sur,86,Putumayo,86.755,San Francisco
Region Centro Sur,86,Putumayo,86.757,San Miguel
Region Centro Sur,86,Putumayo,86.76,Santiago
Region Centro Sur,91,Amazonas,91.001,Leticia
Region Centro Sur,91,Amazonas,91.263,El Encanto
Region Centro Sur,91,Amazonas,91.405,La Chorrera
Region Centro Sur,91,Amazonas,91.407,La Pedrera
Region Centro Sur,91,Amazonas,91.43,La Victoria
Region Centro Sur,91,Amazonas,91.536,Puerto Arica
Region Centro Sur,91,Amazonas,91.54,Puerto Narino
Region Centro Sur,91,Amazonas,91.669,Puerto Santander
Region Centro Sur,91,Amazonas,91.798,Tarapaca
Region Llano,94,Guainia,94.001,Inirida
Region Llano,94,Guainia,94.343,Barranco Minas
Region Llano,94,Guainia,94.663,Mapiripana
Region Llano,94,Guainia,94.883,San Felipe
Region Llano,94,Guainia,94.884,Puerto Colombia
Region Llano,94,Guainia,94.885,La Guadalupe
Region Llano,94,Guainia,94.886,Cacahual
Region Llano,94,Guainia,94.887,Pana Pana
Region Centro Sur,97,Vaupes,97.001,Mitu
Region Centro Sur,97,Vaupes,97.161,Caruru
Region Centro Sur,97,Vaupes,97.666,Taraira
Region Centro Sur,97,Vaupes,97.777,Papunahua
Region Centro Sur,97,Vaupes,97.889,Yavarate
Region Centro Sur,97,Vaupes,97.511,Pacoa
Region Llano,94,Guainia,94.888,Morichal
Region Llano,99,Vichada,99.001,Puerto Carreno
Region Llano,99,Vichada,99.524,La Primavera
Region Llano,99,Vichada,99.624,Santa Rosalia
Region Llano,99,Vichada,99.773,Cumaribo
Region Centro Sur,18,Caqueta,18.61,San Jose del Fragua
Region Llano,50,Meta,50.11,Barranca de Upia
Region Centro Oriente,68,Santander,68.524,Palmas del Socorro
Region Centro Oriente,25,Cundinamarca,25.662,San Juan de Rio Seco
Region Caribe,8,Atlantico,8.372,Juan de Acosta
Region Llano,50,Meta,50.287,Fuente de Oro
Region Llano,85,Casanare,85.325,San Luis de Gaceno
Region Pacifico,27,Choco,27.25,El Litoral del San Juan
Region Centro Oriente,25,Cundinamarca,25.843,Villa de San Diego de Ubate
Region Caribe,13,Bolivar,13.074,Barranco de Loba
Region Centro Oriente,15,Boyaca,15.816,Togui
Region Caribe,13,Bolivar,13.688,Santa Rosa del Sur
Region Pacifico,27,Choco,27.135,El Canton del San Pablo
Region Centro Oriente,15,Boyaca,15.407,Villa de Leyva
Region Caribe,47,Magdalena,47.692,San Sebastian de Buenavista
Region Centro Oriente,15,Boyaca,15.537,Paz de Rio
Region Caribe,13,Bolivar,13.3,Hatillo de Loba
Region Caribe,47,Magdalena,47.66,Sabanas de San Angel
Region Llano,95,Guaviare,95.015,Calamar
Region Caribe,20,Cesar,20.614,Rio de Oro
Region Eje Cafetero - Antioquia,5,Antioquia,5.665,San Pedro de Uraba
Region Llano,95,Guaviare,95.001,San Jose del Guaviare
Region Centro Oriente,15,Boyaca,15.693,Santa Rosa de Viterbo
Region Pacifico,19,Cauca,19.698,Santander de Quilichao
Region Llano,95,Guaviare,95.2,Miraflores
Region Eje Cafetero - Antioquia,5,Antioquia,5.042,Santafe de Antioquia
Region Llano,50,Meta,50.68,San Carlos de Guaroa
Region Caribe,8,Atlantico,8.52,Palmar de Varela
Region Eje Cafetero - Antioquia,5,Antioquia,5.686,Santa Rosa de Osos
Region Eje Cafetero - Antioquia,5,Antioquia,5.647,San Andres de Cuerquia
Region Centro Sur,73,Tolima,73.854,Valle de San Juan
Region Centro Oriente,68,Santander,68.689,San Vicente de Chucuri
Region Centro Oriente,68,Santander,68.684,San Jose de Miranda
Region Caribe,88,"Archipielago de San Andres, Providencia y Santa Catalina",88.564,Providencia
Region Eje Cafetero - Antioquia,66,Risaralda,66.682,Santa Rosa de Cabal
Region Centro Oriente,25,Cundinamarca,25.328,Guayabal de Siquima
Region Centro Sur,18,Caqueta,18.094,Belen de Los Andaquies
Region Llano,85,Casanare,85.25,Paz de Ariporo
Region Centro Oriente,68,Santander,68.72,Santa Helena del Opon
Region Centro Oriente,15,Boyaca,15.681,San Pablo de Borbur
Region Caribe,44,La Guajira,44.42,La Jagua del Pilar
Region Caribe,20,Cesar,20.4,La Jagua de Ibirico
Region Caribe,70,Sucre,70.742,San Luis de Since
Region Centro Oriente,15,Boyaca,15.667,San Luis de Gaceno
Region Caribe,13,Bolivar,13.244,El Carmen de Bolivar
Region Pacifico,27,Choco,27.245,El Carmen de Atrato
Region Caribe,70,Sucre,70.702,San Juan de Betulia
Region Caribe,47,Magdalena,47.545,Pijino del Carmen
Region Eje Cafetero - Antioquia,5,Antioquia,5.873,Vigia del Fuerte
Region Caribe,13,Bolivar,13.667,San Martin de Loba
Region Caribe,13,Bolivar,13.03,Altos del Rosario
Region Centro Sur,73,Tolima,73.148,Carmen de Apicala
Region Centro Oriente,25,Cundinamarca,25.645,San Antonio del Tequendama
Region Centro Oriente,68,Santander,68.655,Sabana de Torres
Region Llano,95,Guaviare,95.025,El Retorno
Region Caribe,23,Cordoba,23.682,San Jose de Ure
Region Pacifico,52,Narino,52.694,San Pedro de Cartago
Region Caribe,8,Atlantico,8.137,Campo de La Cruz
Region Llano,50,Meta,50.683,San Juan de Arama
Region Eje Cafetero - Antioquia,5,Antioquia,5.658,San Jose de La Montana
Region Centro Sur,18,Caqueta,18.15,Cartagena del Chaira
Region Pacifico,27,Choco,27.66,San Jose del Palmar
Region Centro Oriente,25,Cundinamarca,25.001,Agua de Dios
Region Caribe,13,Bolivar,13.655,San Jacinto del Cauca
Region Centro Sur,41,Huila,41.668,San Agustin
Region Pacifico,52,Narino,52.258,El Tablon de Gomez
Region Caribe,88,"Archipielago de San Andres, Providencia y Santa Catalina",88.001,San Andres
Region Centro Oriente,15,Boyaca,15.664,San Jose de Pare
Region Centro Sur,86,Putumayo,86.865,Valle de Guamez
Region Caribe,13,Bolivar,13.67,San Pablo de Borbur
Region Caribe,70,Sucre,70.82,Santiago de Tolu
Region Centro Oriente,11,Bogota D.C.,11.001,Bogota
Region Centro Oriente,25,Cundinamarca,25.154,Carmen de Carupa
Region Caribe,23,Cordoba,23.189,Cienaga de Oro
Region Eje Cafetero - Antioquia,5,Antioquia,5.659,San Juan de Uraba
Region Caribe,44,La Guajira,44.65,San Juan del Cesar
Region Centro Oriente,68,Santander,68.235,El Carmen de Chucuri
Region Eje Cafetero - Antioquia,5,Antioquia,5.148,El Carmen de Viboral
Region Eje Cafetero - Antioquia,66,Risaralda,66.088,Belen de Umbria
Region Pacifico,27,Choco,27.086,Belen de Bajira
Region Centro Oriente,68,Santander,68.855,Valle de San Jose
Region Centro Sur,73,Tolima,73.678,San Luis
Region Centro Oriente,15,Boyaca,15.676,San Miguel de Sema
Region Centro Sur,73,Tolima,73.675,San Antonio
Region Centro Oriente,68,Santander,68.673,San Benito
Region Centro Oriente,25,Cundinamarca,25.862,Vergara
Region Caribe,23,Cordoba,23.678,San Carlos
Region Centro Sur,91,Amazonas,91.53,Puerto Alegria
Region Centro Oriente,68,Santander,68.344,Hato
Region Caribe,13,Bolivar,13.654,San Jacinto
Region Pacifico,19,Cauca,19.693,San Sebastian
Region Eje Cafetero - Antioquia,5,Antioquia,5.649,San Carlos
Region Centro Oriente,15,Boyaca,15.837,Tuta
Region Centro Oriente,54,Norte de Santander,54.743,Silos
Region Centro Oriente,54,Norte de Santander,54.125,Cacota
Region Pacifico,76,Valle del Cauca,76.25,El Dovio
Region Centro Oriente,54,Norte de Santander,54.82,Toledo
Region Pacifico,76,Valle del Cauca,76.622,Roldanillo
Region Centro Oriente,54,Norte de Santander,54.48,Mutiscua
Region Pacifico,76,Valle del Cauca,76.054,Argelia
Region Centro Oriente,54,Norte de Santander,54.261,El Zulia
Region Centro Oriente,54,Norte de Santander,54.66,Salazar
Region Pacifico,76,Valle del Cauca,76.736,Sevilla
Region Pacifico,76,Valle del Cauca,76.895,Zarzal
Region Centro Oriente,54,Norte de Santander,54.223,Cucutilla
Region Pacifico,76,Valle del Cauca,76.248,El Cerrito
Region Pacifico,76,Valle del Cauca,76.147,Cartago
Region Pacifico,76,Valle del Cauca,76.122,Caicedonia
Region Centro Oriente,54,Norte de Santander,54.553,Puerto Santander
Region Centro Oriente,54,Norte de Santander,54.313,Gramalote
Region Pacifico,76,Valle del Cauca,76.246,El Cairo
Region Centro Oriente,54,Norte de Santander,54.25,El Tarra
Region Pacifico,76,Valle del Cauca,76.4,La Union
Region Pacifico,76,Valle del Cauca,76.606,Restrepo
Region Centro Oriente,54,Norte de Santander,54.8,Teorama
Region Pacifico,76,Valle del Cauca,76.233,Dagua
Region Centro Oriente,54,Norte de Santander,54.051,Arboledas
Region Pacifico,76,Valle del Cauca,76.318,Guacari
Region Centro Oriente,54,Norte de Santander,54.418,Lourdes
Region Pacifico,76,Valle del Cauca,76.041,Ansermanuevo
Region Centro Oriente,54,Norte de Santander,54.099,Bochalema
Region Pacifico,76,Valle del Cauca,76.113,Bugalagrande
Region Centro Oriente,54,Norte de Santander,54.206,Convencion
Region Centro Oriente,54,Norte de Santander,54.344,Hacari
Region Pacifico,76,Valle del Cauca,76.403,La Victoria
Region Centro Oriente,54,Norte de Santander,54.347,Herran
Region Pacifico,76,Valle del Cauca,76.306,Ginebra
Region Pacifico,76,Valle del Cauca,76.892,Yumbo
Region Pacifico,76,Valle del Cauca,76.497,Obando
Region Centro Oriente,54,Norte de Santander,54.81,Tibu
Region Centro Oriente,54,Norte de Santander,54.673,San Cayetano
Region Centro Oriente,54,Norte de Santander,54.67,San Calixto
Region Pacifico,76,Valle del Cauca,76.1,Bolivar
Region Centro Oriente,54,Norte de Santander,54.398,La Playa
Region Pacifico,76,Valle del Cauca,76.001,Cali
Region Pacifico,76,Valle del Cauca,76.67,San Pedro
Region Pacifico,76,Valle del Cauca,76.111,Guadalajara de Buga
Region Centro Oriente,54,Norte de Santander,54.172,Chinacota
Region Centro Oriente,54,Norte de Santander,54.599,Ragonvalia
Region Centro Oriente,54,Norte de Santander,54.385,La Esperanza
Region Centro Oriente,54,Norte de Santander,54.874,Villa del Rosario
Region Centro Oriente,54,Norte de Santander,54.174,Chitaga
Region Pacifico,76,Valle del Cauca,76.126,Calima
Region Centro Oriente,54,Norte de Santander,54.72,Sardinata
Region Pacifico,76,Valle del Cauca,76.036,Andalucia
Region Pacifico,76,Valle del Cauca,76.563,Pradera
Region Centro Oriente,54,Norte de Santander,54.003,Abrego
Region Centro Oriente,54,Norte de Santander,54.405,Los Patios
Region Centro Oriente,54,Norte de Santander,54.498,Ocana
Region Centro Oriente,54,Norte de Santander,54.109,Bucarasica
Region Pacifico,76,Valle del Cauca,76.89,Yotoco
Region Pacifico,76,Valle del Cauca,76.52,Palmira
Region Pacifico,76,Valle del Cauca,76.616,Riofrio
Region Centro Oriente,54,Norte de Santander,54.68,Santiago
Region Pacifico,76,Valle del Cauca,76.02,Alcala
Region Pacifico,76,Valle del Cauca,76.863,Versalles
Region Centro Oriente,54,Norte de Santander,54.377,Labateca
Region Centro Oriente,54,Norte de Santander,54.128,Cachira
Region Centro Oriente,54,Norte de Santander,54.871,Villa Caro
Region Centro Oriente,54,Norte de Santander,54.239,Durania
Region Pacifico,76,Valle del Cauca,76.243,El Aguila
Region Pacifico,76,Valle del Cauca,76.823,Toro
Region Pacifico,76,Valle del Cauca,76.13,Candelaria
Region Pacifico,76,Valle del Cauca,76.377,La Cumbre
Region Pacifico,76,Valle del Cauca,76.845,Ulloa
Region Pacifico,76,Valle del Cauca,76.828,Trujillo
Region Pacifico,76,Valle del Cauca,76.869,Vijes
Region Centro Oriente,68,Santander,68.176,Chima
Region Caribe,70,Sucre,70.67,Sampues
Region Llano,85,Casanare,85.225,Nunchia
Region Centro Oriente,54,Norte de Santander,54.518,Pamplona
Region Centro Oriente,25,Cundinamarca,25.019,Alban
Region Caribe,23,Cordoba,23.466,Montelibano
Region Centro Sur,86,Putumayo,86.568,Puerto Asis
Region Caribe,70,Sucre,70.215,Corozal
Region Pacifico,52,Narino,52.11,Buesaco
Region Llano,85,Casanare,85.139,Mani
Region Caribe,13,Bolivar,13.268,El Penon
Region Pacifico,76,Valle del Cauca,76.834,Tulua
Region Centro Sur,73,Tolima,73.152,Casabianca
Region Centro Oriente,25,Cundinamarca,25.04,Anolaima
Region Centro Oriente,25,Cundinamarca,25.175,Chia
Region Pacifico,52,Narino,52.835,San Andres de Tumaco
Region Centro Sur,18,Caqueta,18.46,Milan
Region Centro Oriente,68,Santander,68.147,Capitanejo
Region Centro Sur,73,Tolima,73.043,Anzoategui
Region Pacifico,76,Valle del Cauca,76.275,Florida
Region Caribe,8,Atlantico,8.606,Repelon
Region Eje Cafetero - Antioquia,5,Antioquia,5.284,Frontino
Region Centro Oriente,25,Cundinamarca,25.258,El Penon
Region Centro Oriente,54,Norte de Santander,54.52,Pamplonita
Region Centro Sur,91,Amazonas,91.46,Miriti Parana
Region Llano,85,Casanare,85.4,Tamara
Region Centro Oriente,15,Boyaca,15.806,Tibasosa
Region Pacifico,19,Cauca,19.517,Paez
Region Centro Sur,73,Tolima,73.001,Ibague
Region Caribe,8,Atlantico,8.573,Puerto Colombia
Region Pacifico,52,Narino,52.083,Belen
Region Centro Oriente,25,Cundinamarca,25.758,Sopo
Region Pacifico,27,Choco,27.15,Carmen del Darien
Region Centro Oriente,25,Cundinamarca,25.299,Gama
Region Centro Oriente,25,Cundinamarca,25.718,Sasaima
Region Pacifico,52,Narino,52.24,Chachagui
Region Centro Oriente,54,Norte de Santander,54.001,Cucuta
Region Caribe,13,Bolivar,13.001,Cartagena
Region Eje Cafetero - Antioquia,5,Antioquia,5.313,Granada
Region Caribe,47,Magdalena,47.72,Santa Barbara de Pinto
Region Caribe,13,Bolivar,13.442,Maria la Baja
Region Centro Sur,18,Caqueta,18.41,La Montanita
Region Centro Sur,18,Caqueta,18.753,San Vicente del Caguan
Region Centro Oriente,68,Santander,68.25,El Penon
Region Eje Cafetero - Antioquia,5,Antioquia,5.364,Jardin
Region Pacifico,76,Valle del Cauca,76.364,Jamundi
Region Pacifico,27,Choco,27.787,Tado
Region Llano,85,Casanare,85.23,Orocue
Region Centro Sur,73,Tolima,73.411,Libano
Region Centro Oriente,25,Cundinamarca,25.885,Yacopi
Region Eje Cafetero - Antioquia,63,Quindio,63.13,Calarca
Region Eje Cafetero - Antioquia,5,Antioquia,5.756,Sonson
Region Centro Oriente,54,Norte de Santander,54.245,El Carmen
Region Centro Sur,73,Tolima,73.408,Lerida
Region Caribe,23,Cordoba,23.35,La Apartada
Region Caribe,13,Bolivar,13.62,San Cristobal
Region Centro Oriente,25,Cundinamarca,25.29,Fusagasuga
Region Caribe,13,Bolivar,13.894,Zambrano
Region Centro Oriente,15,Boyaca,15.403,La Uvita
Region Centro Oriente,25,Cundinamarca,25.899,Zipaquira
Region Eje Cafetero - Antioquia,63,Quindio,63.302,Genova
Region Centro Sur,73,Tolima,73.77,Suarez
Region Llano,50,Meta,50.15,Castilla la Nueva
Region Centro Oriente,15,Boyaca,15.087,Belen
Region Pacifico,27,Choco,27.81,Union Panamericana
Region Caribe,47,Magdalena,47.57,Pueblo Viejo
Region Centro Sur,86,Putumayo,86.885,Villagarzon
Region Centro Oriente,25,Cundinamarca,25.269,Facatativa
Region Caribe,23,Cordoba,23.58,Puerto Libertador
Region Eje Cafetero - Antioquia,17,Caldas,17.444,Marquetalia
Region Pacifico,52,Narino,52.051,Arboleda
Region Pacifico,76,Valle del Cauca,76.109,Buenaventura
Region Caribe,47,Magdalena,47.189,Cienaga
Region Caribe,8,Atlantico,8.56,Ponedera
